"Цитата","Категория","Источник","Тип"
"Работа не волк. Никто не волк. Только волк — волк.","Жизнь","championat.com","Мем"
"Настоящий мужчина, как ковер тети Зины — с каждым годом лысеет.","Мужчины","championat.com","Мем"
"Мама учила не ругаться матом, но жизнь научила не ругаться матом при маме.","Семья","championat.com","Мем"
"Если закрыть глаза, становится темно.","Философия","championat.com","Мем"
"Если тебе где-то не рады в рваных носках, то и в целых туда идти не стоит.","Общество","championat.com","Мем"
"«Жи-ши» пиши от души.","Язык","championat.com","Мем"
"В Риме был, а папы не видал.","Путешествия","championat.com","Мем"
"Тут — это вам не там.","Философия","championat.com","Мем"
"Кто рано встает — тому весь день спать хочется.","Жизнь","championat.com","Мем"
"Если ты смелый, ловкий и очень сексуальный — иди домой, ты пьян.","Самооценка","championat.com","Мем"
"Школа не сцепление, можно и кинуть.","Образование","reddit.com","Мем"
"Если жизнь — это вызов, то я перезвоню.","Жизнь","reddit.com","Мем"
"Я так много читал о вреде алкоголя, что решил бросить читать.","Здоровье","reddit.com","Мем"
"Не знаешь, как поступить, поступи как знаешь.","Философия","reddit.com","Мем"
"Девушки как кредит, кому-то дают, а кому-то нет.","Отношения","reddit.com","Мем"
"Пары — не удары, можно и пропустить.","Спорт","reddit.com","Мем"
"Пиво, водка, турничок — через часик я качок.","Здоровье","reddit.com","Мем"
"У меня с собой две пушки: одна огнестрел, другая для подружки.","Оружие","reddit.com","Мем"
"Настоящий мужик на руках носит только ящик пива, а не свою кралю.","Мужчины","reddit.com","Мем"
"Дают — бери, не дают — отбери.","Жизнь","reddit.com","Мем"
"Детство — это когда все в колготках, но не педики.","Детство","reddit.com","Мем"
"Иногда мне так лень ставить чайник, что я просто иду за пивом!","Лень","reddit.com","Мем"
"Одна ошибка — и ты ошибся.","Философия","reddit.com","Мем"
"Однажды мне стало лень обходить гору, так что я прошел её насквозь, теперь это называют туннелем.","Лень","reddit.com","Мем"
"Если жена делает тебя счастливой, то какая разница, чья это жена?","Отношения","reddit.com","Мем"
"Какая разница кто с кем спит? Главное, что все выспались.","Отношения","reddit.com","Мем"
"Я раньше работал курьером, только я разносил не посылки, а ебальники.","Работа","reddit.com","Мем"
"На днях был в качалке, занимался с тренажерами... тренажеры стали сильнее, пацаны.","Спорт","reddit.com","Мем"
"Лучше посрать и опоздать, чем успеть и обосраться.","Жизнь","reddit.com","Мем"
"Да одна, зато какая.","Философия","reddit.com","Мем"
"Завтра рано вставать, встану послезавтра.","Лень","lenta.ru","Мем"
"Топленое молоко знаешь? Я утопил.","Юмор","lenta.ru","Мем"
"Когда ты почувствуешь себя лохом, то вспомни, что кто-то сейчас встречается с твоей бывшей.","Отношения","lenta.ru","Мем"
"Мы живем в обществе, где пицца приезжает быстрее, чем скорая.","Общество","lenta.ru","Мем"
"Раньше я думал, что вечной любви не существует. Пока не встретил пиво.","Отношения","lenta.ru","Мем"
"Не каждый может взвалить на себя груз ответственности, а я навалил груз на детской площадке.","Юмор","khtulhu.org.ua","Мем"
"Если обидели — не обижайся, если ударили — не ударяйся.","Философия","khtulhu.org.ua","Мем"
"Только подкаблучник будет отпрашиваться у жены в бар с друзьями, а настоящий мужик и так знает, что нельзя.","Мужчины","khtulhu.org.ua","Мем"
"Красиво делай — красиво будет.","Философия","khtulhu.org.ua","Мем"
"Однажды дед мне говорил: «никого не слушай!» потом еще что-то говорил.","Семья","khtulhu.org.ua","Мем"
"Хоть я и лысый, но от фена не откажусь.","Юмор","khtulhu.org.ua","Мем"
"Я важный, как хуй бумажный.","Юмор","khtulhu.org.ua","Мем"
"Я два раза, два раза не повторяю, повторяю.","Юмор","khtulhu.org.ua","Мем"
"Слово не воробей.","Философия","khtulhu.org.ua","Мем"
"Ничто не воробей, кроме воробья.","Юмор","khtulhu.org.ua","Мем"
"Я по лестнице вверх спустился, а затем вниз поднялся.","Юмор","khtulhu.org.ua","Мем"
"Бессмысленно осмысливать смысл с неосмысленными мыслями.","Философия","khtulhu.org.ua","Мем"
"Бесит, когда хочется пукнуть в маршрутке, а маршрутки всё нет и нет.","Юмор","khtulhu.org.ua","Мем"
"У самурая нет цели — я забрал.","Юмор","khtulhu.org.ua","Мем"
"Узнаешь? Я мотал.","Юмор","khtulhu.org.ua","Мем"
"Не спеши, а то успеешь.","Философия","khtulhu.org.ua","Мем"
"Ты узнаешь, что напрасно называют север крайним. Ты увидишь, он бескрайний, это я его краю.","Юмор","khtulhu.org.ua","Мем"
"Не злите меня — и так трупы прятать некуда! Да шучу, шучу… места еще дохуя!","Юмор","khtulhu.org.ua","Мем"
"Некоторые люди как муравьи. Всегда херню какую-то несут.","Юмор","khtulhu.org.ua","Мем"
"Просто будь как моя справка из психушки — потеряйся.","Юмор","khtulhu.org.ua","Мем"
"Единственный, кто тебя поддерживает — твой позвоночник.","Философия","khtulhu.org.ua","Мем"
"Будут обижать — не обижайся.","Философия","khtulhu.org.ua","Мем"
"Таранку знаешь? Я протаранил.","Юмор","khtulhu.org.ua","Мем"
"Когда я родился, папа спросил у акушерок: «Мальчик или девочка?». Они ответили: «Мужчина!»","Юмор","khtulhu.org.ua","Мем"
"Делай как надо. Как не надо, не делай.","Философия","khtulhu.org.ua","Мем"
"Когда Александр Грэм Белл изобрёл телефон, у него было 2 пропущенных звонка от Стэтхэма.","Юмор","khtulhu.org.ua","Мем"
"На трон не сядешь ничем, кроме задницы.","Философия","khtulhu.org.ua","Мем"
"Как говорил мой дед, не верь никому. Потом он еще много чего говорил, но я не верил.","Семья","khtulhu.org.ua","Мем"
"Я лысый не потому, что у меня нет волос, а потому, что у волос нет меня.","Юмор","khtulhu.org.ua","Мем"
"Чтобы быть богатым, нужно всего лишь не быть бедным.","Философия","khtulhu.org.ua","Мем"
"Если нет, то нет, а если да, то да!","Философия","khtulhu.org.ua","Мем"
"Мертвое море знаете? Так вот, я его убил.","Юмор","khtulhu.org.ua","Мем"
"Я не девушка, но пизды дать могу.","Юмор","khtulhu.org.ua","Мем"
"Америку открыл не Колумб, а индейцы.","История","khtulhu.org.ua","Мем"
"Лег пораньше, встал попозже. Народная мудрость.","Жизнь","khtulhu.org.ua","Мем"
"Если ударил девушку, то не будешь тряпкой — добей её.","Юмор","khtulhu.org.ua","Мем"
"Даже если у тебя сейчас в жизни темная полоса, помни, что в любой момент она может оказаться взлетной.","Мотивация","khtulhu.org.ua","Мем"
